date,Real GDP,Inflation Rate,Unemployment Rate,Federal Funds Rate
1947-01-31,2182.681,,,
1947-02-28,2182.681,,,
1947-03-31,2182.681,,,
1947-04-30,2176.892,,,
1947-05-31,2176.892,,,
1947-06-30,2176.892,,,
1947-07-31,2172.432,,,
1947-08-31,2172.432,,,
1947-09-30,2172.432,,,
1947-10-31,2206.452,,,
1947-11-30,2206.452,,,
1947-12-31,2206.452,,,
1948-01-31,2239.682,,3.4,
1948-02-29,2239.682,,3.8,
1948-03-31,2239.682,,4.0,
1948-04-30,2276.69,,3.9,
1948-05-31,2276.69,,3.5,
1948-06-30,2276.69,,3.6,
1948-07-31,2289.77,,3.6,
1948-08-31,2289.77,,3.9,
1948-09-30,2289.77,,3.8,
1948-10-31,2292.364,,3.7,
1948-11-30,2292.364,,3.8,
1948-12-31,2292.364,,4.0,
1949-01-31,2260.807,,4.3,
1949-02-28,2260.807,,4.7,
1949-03-31,2260.807,,5.0,
1949-04-30,2253.128,,5.3,
1949-05-31,2253.128,,6.1,
1949-06-30,2253.128,,6.2,
1949-07-31,2276.424,,6.7,
1949-08-31,2276.424,,6.8,
1949-09-30,2276.424,,6.6,
1949-10-31,2257.352,,7.9,
1949-11-30,2257.352,,6.4,
1949-12-31,2257.352,,6.6,
1950-01-31,2346.104,,6.5,
1950-02-28,2346.104,,6.4,
1950-03-31,2346.104,,6.3,
1950-04-30,2417.682,,5.8,
1950-05-31,2417.682,,5.5,
1950-06-30,2417.682,,5.4,
1950-07-31,2511.127,,5.0,
1950-08-31,2511.127,,4.5,
1950-09-30,2511.127,,4.4,
1950-10-31,2559.214,,4.2,
1950-11-30,2559.214,,4.2,
1950-12-31,2559.214,,4.3,
1951-01-31,2593.967,,3.7,
1951-02-28,2593.967,,3.4,
1951-03-31,2593.967,,3.4,
1951-04-30,2638.898,,3.1,
1951-05-31,2638.898,,3.0,
1951-06-30,2638.898,,3.2,
1951-07-31,2693.259,,3.1,
1951-08-31,2693.259,,3.1,
1951-09-30,2693.259,,3.3,
1951-10-31,2699.156,,3.5,
1951-11-30,2699.156,,3.5,
1951-12-31,2699.156,,3.1,
1952-01-31,2727.954,,3.2,
1952-02-29,2727.954,,3.1,
1952-03-31,2727.954,,2.9,
1952-04-30,2733.8,,2.9,
1952-05-31,2733.8,,3.0,
1952-06-30,2733.8,,3.0,
1952-07-31,2753.517,,3.2,
1952-08-31,2753.517,,3.4,
1952-09-30,2753.517,,3.1,
1952-10-31,2843.941,,3.0,
1952-11-30,2843.941,,2.8,
1952-12-31,2843.941,,2.7,
1953-01-31,2896.811,,2.9,
1953-02-28,2896.811,,2.6,
1953-03-31,2896.811,,2.6,
1953-04-30,2919.206,,2.7,
1953-05-31,2919.206,,2.5,
1953-06-30,2919.206,,2.5,
1953-07-31,2902.785,,2.6,
1953-08-31,2902.785,,2.7,
1953-09-30,2902.785,,2.9,
1953-10-31,2858.845,,3.1,
1953-11-30,2858.845,,3.5,
1953-12-31,2858.845,,4.5,
1954-01-31,2845.192,,4.9,
1954-02-28,2845.192,,5.2,
1954-03-31,2845.192,,5.7,
1954-04-30,2848.305,,5.9,
1954-05-31,2848.305,,5.9,
1954-06-30,2848.305,,5.6,
1954-07-31,2880.482,,5.8,0.8
1954-08-31,2880.482,,6.0,1.22
1954-09-30,2880.482,,6.1,1.07
1954-10-31,2936.852,,5.7,0.85
1954-11-30,2936.852,,5.3,0.83
1954-12-31,2936.852,,5.0,1.28
1955-01-31,3020.746,,4.9,1.39
1955-02-28,3020.746,,4.7,1.29
1955-03-31,3020.746,,4.6,1.35
1955-04-30,3069.91,,4.7,1.43
1955-05-31,3069.91,,4.3,1.43
1955-06-30,3069.91,,4.2,1.64
1955-07-31,3111.379,,4.0,1.68
1955-08-31,3111.379,,4.2,1.96
1955-09-30,3111.379,,4.1,2.18
1955-10-31,3130.068,,4.3,2.24
1955-11-30,3130.068,,4.2,2.35
1955-12-31,3130.068,,4.2,2.48
1956-01-31,3117.922,,4.0,2.45
1956-02-29,3117.922,,3.9,2.5
1956-03-31,3117.922,,4.2,2.5
1956-04-30,3143.694,,4.0,2.62
1956-05-31,3143.694,,4.3,2.75
1956-06-30,3143.694,,4.3,2.71
1956-07-31,3140.874,,4.4,2.75
1956-08-31,3140.874,,4.1,2.73
1956-09-30,3140.874,,3.9,2.95
1956-10-31,3192.57,,3.9,2.96
1956-11-30,3192.57,,4.3,2.88
1956-12-31,3192.57,,4.2,2.94
1957-01-31,3213.011,,4.2,2.84
1957-02-28,3213.011,,3.9,3.0
1957-03-31,3213.011,,3.7,2.96
1957-04-30,3205.97,,3.9,3.0
1957-05-31,3205.97,,4.1,3.0
1957-06-30,3205.97,,4.3,3.0
1957-07-31,3237.386,,4.2,2.99
1957-08-31,3237.386,,4.1,3.24
1957-09-30,3237.386,,4.4,3.47
1957-10-31,3203.894,,4.5,3.5
1957-11-30,3203.894,,5.1,3.28
1957-12-31,3203.894,,5.2,2.98
1958-01-31,3120.724,,5.8,2.72
1958-02-28,3120.724,,6.4,1.67
1958-03-31,3120.724,,6.7,1.2
1958-04-30,3141.224,,7.4,1.26
1958-05-31,3141.224,,7.4,0.63
1958-06-30,3141.224,,7.3,0.93
1958-07-31,3213.884,,7.5,0.68
1958-08-31,3213.884,,7.4,1.53
1958-09-30,3213.884,,7.1,1.76
1958-10-31,3289.032,,6.7,1.8
1958-11-30,3289.032,,6.2,2.27
1958-12-31,3289.032,,6.2,2.42
1959-01-31,3352.129,,6.0,2.48
1959-02-28,3352.129,,5.9,2.43
1959-03-31,3352.129,,5.6,2.8
1959-04-30,3427.667,,5.2,2.96
1959-05-31,3427.667,,5.1,2.9
1959-06-30,3427.667,,5.0,3.39
1959-07-31,3430.057,,5.1,3.47
1959-08-31,3430.057,,5.2,3.5
1959-09-30,3430.057,,5.5,3.76
1959-10-31,3439.832,,5.7,3.98
1959-11-30,3439.832,,5.8,4.0
1959-12-31,3439.832,,5.3,3.99
1960-01-31,3517.181,,5.2,3.99
1960-02-29,3517.181,,4.8,3.97
1960-03-31,3517.181,,5.4,3.84
1960-04-30,3498.246,,5.2,3.92
1960-05-31,3498.246,,5.1,3.85
1960-06-30,3498.246,,5.4,3.32
1960-07-31,3515.385,,5.5,3.23
1960-08-31,3515.385,,5.6,2.98
1960-09-30,3515.385,,5.5,2.6
1960-10-31,3470.278,,6.1,2.47
1960-11-30,3470.278,,6.1,2.44
1960-12-31,3470.278,,6.6,1.98
1961-01-31,3493.703,,6.6,1.45
1961-02-28,3493.703,,6.9,2.54
1961-03-31,3493.703,,6.9,2.02
1961-04-30,3553.021,,7.0,1.49
1961-05-31,3553.021,,7.1,1.98
1961-06-30,3553.021,,6.9,1.73
1961-07-31,3621.252,,7.0,1.17
1961-08-31,3621.252,,6.6,2.0
1961-09-30,3621.252,,6.7,1.88
1961-10-31,3692.289,,6.5,2.26
1961-11-30,3692.289,,6.1,2.61
1961-12-31,3692.289,,6.0,2.33
1962-01-31,3758.147,,5.8,2.15
1962-02-28,3758.147,,5.5,2.37
1962-03-31,3758.147,,5.6,2.85
1962-04-30,3792.149,,5.6,2.78
1962-05-31,3792.149,,5.5,2.36
1962-06-30,3792.149,,5.5,2.68
1962-07-31,3838.776,,5.4,2.71
1962-08-31,3838.776,,5.7,2.93
1962-09-30,3838.776,,5.6,2.9
1962-10-31,3851.421,,5.4,2.9
1962-11-30,3851.421,,5.7,2.94
1962-12-31,3851.421,,5.5,2.93
1963-01-31,3893.482,,5.7,2.92
1963-02-28,3893.482,,5.9,3.0
1963-03-31,3893.482,,5.7,2.98
1963-04-30,3937.183,,5.7,2.9
1963-05-31,3937.183,,5.9,3.0
1963-06-30,3937.183,,5.6,2.99
1963-07-31,4023.755,,5.6,3.02
1963-08-31,4023.755,,5.4,3.49
1963-09-30,4023.755,,5.5,3.48
1963-10-31,4050.147,,5.5,3.5
1963-11-30,4050.147,,5.7,3.48
1963-12-31,4050.147,,5.5,3.38
1964-01-31,4135.553,,5.6,3.48
1964-02-29,4135.553,,5.4,3.48
1964-03-31,4135.553,,5.4,3.43
1964-04-30,4180.592,,5.3,3.47
1964-05-31,4180.592,,5.1,3.5
1964-06-30,4180.592,,5.2,3.5
1964-07-31,4245.918,,4.9,3.42
1964-08-31,4245.918,,5.0,3.5
1964-09-30,4245.918,,5.1,3.45
1964-10-31,4259.046,,5.1,3.36
1964-11-30,4259.046,,4.8,3.52
1964-12-31,4259.046,,5.0,3.85
1965-01-31,4362.111,,4.9,3.9
1965-02-28,4362.111,,5.1,3.98
1965-03-31,4362.111,,4.7,4.05
1965-04-30,4417.225,,4.8,4.09
1965-05-31,4417.225,,4.6,4.1
1965-06-30,4417.225,,4.6,4.05
1965-07-31,4515.427,,4.4,4.09
1965-08-31,4515.427,,4.4,4.12
1965-09-30,4515.427,,4.3,4.02
1965-10-31,4619.458,,4.2,4.08
1965-11-30,4619.458,,4.1,4.1
1965-12-31,4619.458,,4.0,4.32
1966-01-31,4731.888,,4.0,4.42
1966-02-28,4731.888,,3.8,4.6
1966-03-31,4731.888,,3.8,4.66
1966-04-30,4748.046,,3.8,4.67
1966-05-31,4748.046,,3.9,4.9
1966-06-30,4748.046,,3.8,5.17
1966-07-31,4788.254,,3.8,5.3
1966-08-31,4788.254,,3.8,5.53
1966-09-30,4788.254,,3.7,5.4
1966-10-31,4827.537,,3.7,5.53
1966-11-30,4827.537,,3.6,5.76
1966-12-31,4827.537,,3.8,5.4
1967-01-31,4870.299,,3.9,4.94
1967-02-28,4870.299,,3.8,5.0
1967-03-31,4870.299,,3.8,4.53
1967-04-30,4873.287,,3.8,4.05
1967-05-31,4873.287,,3.8,3.94
1967-06-30,4873.287,,3.9,3.98
1967-07-31,4919.392,,3.8,3.79
1967-08-31,4919.392,,3.8,3.9
1967-09-30,4919.392,,3.8,3.99
1967-10-31,4956.477,,4.0,3.88
1967-11-30,4956.477,,3.9,4.13
1967-12-31,4956.477,,3.8,4.51
1968-01-31,5057.553,,3.7,4.61
1968-02-29,5057.553,,3.8,4.71
1968-03-31,5057.553,,3.7,5.05
1968-04-30,5142.033,,3.5,5.76
1968-05-31,5142.033,,3.5,6.12
1968-06-30,5142.033,,3.7,6.07
1968-07-31,5181.859,,3.7,6.03
1968-08-31,5181.859,,3.5,6.03
1968-09-30,5181.859,,3.4,5.78
1968-10-31,5202.212,,3.4,5.91
1968-11-30,5202.212,,3.4,5.82
1968-12-31,5202.212,,3.4,6.02
1969-01-31,5283.597,,3.4,6.3
1969-02-28,5283.597,,3.4,6.61
1969-03-31,5283.597,,3.4,6.79
1969-04-30,5299.625,,3.4,7.41
1969-05-31,5299.625,,3.4,8.67
1969-06-30,5299.625,,3.5,8.9
1969-07-31,5334.6,,3.5,8.61
1969-08-31,5334.6,,3.5,9.19
1969-09-30,5334.6,,3.7,9.15
1969-10-31,5308.556,,3.7,9.0
1969-11-30,5308.556,,3.5,8.85
1969-12-31,5308.556,,3.5,8.97
1970-01-31,5300.652,,3.9,8.98
1970-02-28,5300.652,,4.2,8.98
1970-03-31,5300.652,,4.4,7.76
1970-04-30,5308.164,,4.6,8.1
1970-05-31,5308.164,,4.8,7.95
1970-06-30,5308.164,,4.9,7.61
1970-07-31,5357.077,,5.0,7.21
1970-08-31,5357.077,,5.1,6.62
1970-09-30,5357.077,,5.4,6.29
1970-10-31,5299.672,,5.5,6.2
1970-11-30,5299.672,,5.9,5.6
1970-12-31,5299.672,,6.1,4.9
1971-01-31,5443.619,,5.9,4.14
1971-02-28,5443.619,,5.9,3.72
1971-03-31,5443.619,,6.0,3.71
1971-04-30,5473.059,,5.9,4.16
1971-05-31,5473.059,,5.9,4.63
1971-06-30,5473.059,,5.9,4.91
1971-07-31,5518.072,,6.0,5.31
1971-08-31,5518.072,,6.1,5.57
1971-09-30,5518.072,,6.0,5.55
1971-10-31,5531.032,,5.8,5.2
1971-11-30,5531.032,,6.0,4.91
1971-12-31,5531.032,,6.0,4.14
1972-01-31,5632.649,,5.8,3.51
1972-02-29,5632.649,,5.7,3.3
1972-03-31,5632.649,,5.8,3.83
1972-04-30,5760.47,,5.7,4.17
1972-05-31,5760.47,,5.7,4.27
1972-06-30,5760.47,,5.7,4.46
1972-07-31,5814.854,,5.6,4.55
1972-08-31,5814.854,,5.6,4.81
1972-09-30,5814.854,,5.5,4.87
1972-10-31,5912.22,,5.6,5.05
1972-11-30,5912.22,,5.3,5.06
1972-12-31,5912.22,,5.2,5.33
1973-01-31,6058.544,,4.9,5.94
1973-02-28,6058.544,,5.0,6.58
1973-03-31,6058.544,,4.9,7.09
1973-04-30,6124.506,,5.0,7.12
1973-05-31,6124.506,,4.9,7.84
1973-06-30,6124.506,,4.9,8.49
1973-07-31,6092.301,,4.8,10.4
1973-08-31,6092.301,,4.8,10.5
1973-09-30,6092.301,,4.8,10.78
1973-10-31,6150.131,,4.6,10.01
1973-11-30,6150.131,,4.8,10.03
1973-12-31,6150.131,,4.9,9.95
1974-01-31,6097.258,,5.1,9.65
1974-02-28,6097.258,,5.2,8.97
1974-03-31,6097.258,,5.1,9.35
1974-04-30,6111.751,,5.1,10.51
1974-05-31,6111.751,,5.1,11.31
1974-06-30,6111.751,,5.4,11.93
1974-07-31,6053.978,,5.5,12.92
1974-08-31,6053.978,,5.5,12.01
1974-09-30,6053.978,,5.9,11.34
1974-10-31,6030.464,,6.0,10.06
1974-11-30,6030.464,,6.6,9.45
1974-12-31,6030.464,,7.2,8.53
1975-01-31,5957.035,,8.1,7.13
1975-02-28,5957.035,,8.1,6.24
1975-03-31,5957.035,,8.6,5.54
1975-04-30,5999.61,,8.8,5.49
1975-05-31,5999.61,,9.0,5.22
1975-06-30,5999.61,,8.8,5.55
1975-07-31,6102.326,,8.6,6.1
1975-08-31,6102.326,,8.4,6.14
1975-09-30,6102.326,,8.4,6.24
1975-10-31,6184.53,,8.4,5.82
1975-11-30,6184.53,,8.3,5.22
1975-12-31,6184.53,,8.2,5.2
1976-01-31,6323.649,,7.9,4.87
1976-02-29,6323.649,,7.7,4.77
1976-03-31,6323.649,,7.6,4.84
1976-04-30,6370.025,,7.7,4.82
1976-05-31,6370.025,,7.4,5.29
1976-06-30,6370.025,,7.6,5.48
1976-07-31,6404.895,,7.8,5.31
1976-08-31,6404.895,,7.8,5.29
1976-09-30,6404.895,,7.6,5.25
1976-10-31,6451.177,,7.7,5.02
1976-11-30,6451.177,,7.8,4.95
1976-12-31,6451.177,,7.8,4.65
1977-01-31,6527.703,,7.5,4.61
1977-02-28,6527.703,,7.6,4.68
1977-03-31,6527.703,,7.4,4.69
1977-04-30,6654.466,,7.2,4.73
1977-05-31,6654.466,,7.0,5.35
1977-06-30,6654.466,,7.2,5.39
1977-07-31,6774.457,,6.9,5.42
1977-08-31,6774.457,,7.0,5.9
1977-09-30,6774.457,,6.8,6.14
1977-10-31,6774.592,,6.8,6.47
1977-11-30,6774.592,,6.8,6.51
1977-12-31,6774.592,,6.4,6.56
1978-01-31,6796.26,,6.4,6.7
1978-02-28,6796.26,,6.3,6.78
1978-03-31,6796.26,,6.3,6.79
1978-04-30,7058.92,,6.1,6.89
1978-05-31,7058.92,,6.0,7.36
1978-06-30,7058.92,,5.9,7.6
1978-07-31,7129.915,,6.2,7.81
1978-08-31,7129.915,,5.9,8.04
1978-09-30,7129.915,,6.0,8.45
1978-10-31,7225.75,,5.8,8.96
1978-11-30,7225.75,,5.9,9.76
1978-12-31,7225.75,,6.0,10.03
1979-01-31,7238.727,,5.9,10.07
1979-02-28,7238.727,,5.9,10.06
1979-03-31,7238.727,,5.8,10.09
1979-04-30,7246.454,,5.8,10.01
1979-05-31,7246.454,,5.6,10.24
1979-06-30,7246.454,,5.7,10.29
1979-07-31,7300.281,,5.7,10.47
1979-08-31,7300.281,,6.0,10.94
1979-09-30,7300.281,,5.9,11.43
1979-10-31,7318.535,,6.0,13.77
1979-11-30,7318.535,,5.9,13.18
1979-12-31,7318.535,,6.0,13.78
1980-01-31,7341.557,,6.3,13.82
1980-02-29,7341.557,,6.3,14.13
1980-03-31,7341.557,,6.3,17.19
1980-04-30,7190.289,,6.9,17.61
1980-05-31,7190.289,,7.5,10.98
1980-06-30,7190.289,,7.6,9.47
1980-07-31,7181.743,,7.8,9.03
1980-08-31,7181.743,,7.7,9.61
1980-09-30,7181.743,,7.5,10.87
1980-10-31,7315.677,,7.5,12.81
1980-11-30,7315.677,,7.5,15.85
1980-12-31,7315.677,,7.2,18.9
1981-01-31,7459.022,,7.5,19.08
1981-02-28,7459.022,,7.4,15.93
1981-03-31,7459.022,,7.4,14.7
1981-04-30,7403.745,,7.2,15.72
1981-05-31,7403.745,,7.5,18.52
1981-06-30,7403.745,,7.5,19.1
1981-07-31,7492.405,,7.2,19.04
1981-08-31,7492.405,,7.4,17.82
1981-09-30,7492.405,,7.6,15.87
1981-10-31,7410.768,,7.9,15.08
1981-11-30,7410.768,,8.3,13.31
1981-12-31,7410.768,,8.5,12.37
1982-01-31,7295.631,,8.6,13.22
1982-02-28,7295.631,,8.9,14.78
1982-03-31,7295.631,,9.0,14.68
1982-04-30,7328.912,,9.3,14.94
1982-05-31,7328.912,,9.4,14.45
1982-06-30,7328.912,,9.6,14.15
1982-07-31,7300.896,,9.8,12.59
1982-08-31,7300.896,,9.8,10.12
1982-09-30,7300.896,,10.1,10.31
1982-10-31,7303.817,,10.4,9.71
1982-11-30,7303.817,,10.8,9.2
1982-12-31,7303.817,,10.8,8.95
1983-01-31,7400.066,,10.4,8.68
1983-02-28,7400.066,,10.4,8.51
1983-03-31,7400.066,,10.3,8.77
1983-04-30,7568.456,,10.2,8.8
1983-05-31,7568.456,,10.1,8.63
1983-06-30,7568.456,,10.1,8.98
1983-07-31,7719.746,,9.4,9.37
1983-08-31,7719.746,,9.5,9.56
1983-09-30,7719.746,,9.2,9.45
1983-10-31,7880.794,,8.8,9.48
1983-11-30,7880.794,,8.5,9.34
1983-12-31,7880.794,,8.3,9.47
1984-01-31,8034.847,,8.0,9.56
1984-02-29,8034.847,,7.8,9.59
1984-03-31,8034.847,,7.8,9.91
1984-04-30,8173.67,,7.7,10.29
1984-05-31,8173.67,,7.4,10.32
1984-06-30,8173.67,,7.2,11.06
1984-07-31,8252.465,,7.5,11.23
1984-08-31,8252.465,,7.5,11.64
1984-09-30,8252.465,,7.3,11.3
1984-10-31,8320.199,,7.4,9.99
1984-11-30,8320.199,,7.2,9.43
1984-12-31,8320.199,,7.3,8.38
1985-01-31,8400.82,,7.3,8.35
1985-02-28,8400.82,,7.2,8.5
1985-03-31,8400.82,,7.2,8.58
1985-04-30,8474.787,,7.3,8.27
1985-05-31,8474.787,,7.2,7.97
1985-06-30,8474.787,,7.4,7.53
1985-07-31,8604.22,,7.4,7.88
1985-08-31,8604.22,,7.1,7.9
1985-09-30,8604.22,,7.1,7.92
1985-10-31,8668.188,,7.1,7.99
1985-11-30,8668.188,,7.0,8.05
1985-12-31,8668.188,,7.0,8.27
1986-01-31,8749.127,,6.7,8.14
1986-02-28,8749.127,,7.2,7.86
1986-03-31,8749.127,,7.2,7.48
1986-04-30,8788.524,,7.1,6.99
1986-05-31,8788.524,,7.2,6.85
1986-06-30,8788.524,,7.2,6.92
1986-07-31,8872.601,,7.0,6.56
1986-08-31,8872.601,,6.9,6.17
1986-09-30,8872.601,,7.0,5.89
1986-10-31,8920.193,,7.0,5.85
1986-11-30,8920.193,,6.9,6.04
1986-12-31,8920.193,,6.6,6.91
1987-01-31,8986.367,,6.6,6.43
1987-02-28,8986.367,,6.6,6.1
1987-03-31,8986.367,,6.6,6.13
1987-04-30,9083.256,,6.3,6.37
1987-05-31,9083.256,,6.3,6.85
1987-06-30,9083.256,,6.2,6.73
1987-07-31,9162.024,,6.1,6.58
1987-08-31,9162.024,,6.0,6.73
1987-09-30,9162.024,,5.9,7.22
1987-10-31,9319.332,,6.0,7.29
1987-11-30,9319.332,,5.8,6.69
1987-12-31,9319.332,,5.7,6.77
1988-01-31,9367.502,,5.7,6.83
1988-02-29,9367.502,,5.7,6.58
1988-03-31,9367.502,,5.7,6.58
1988-04-30,9490.594,,5.4,6.87
1988-05-31,9490.594,,5.6,7.09
1988-06-30,9490.594,,5.4,7.51
1988-07-31,9546.206,,5.4,7.75
1988-08-31,9546.206,,5.6,8.01
1988-09-30,9546.206,,5.4,8.19
1988-10-31,9673.405,,5.4,8.3
1988-11-30,9673.405,,5.3,8.35
1988-12-31,9673.405,,5.3,8.76
1989-01-31,9771.725,,5.4,9.12
1989-02-28,9771.725,,5.2,9.36
1989-03-31,9771.725,,5.0,9.85
1989-04-30,9846.293,,5.2,9.84
1989-05-31,9846.293,,5.2,9.81
1989-06-30,9846.293,,5.3,9.53
1989-07-31,9919.228,,5.2,9.24
1989-08-31,9919.228,,5.2,8.99
1989-09-30,9919.228,,5.3,9.02
1989-10-31,9938.767,,5.3,8.84
1989-11-30,9938.767,,5.4,8.55
1989-12-31,9938.767,,5.4,8.45
1990-01-31,10047.386,,5.4,8.23
1990-02-28,10047.386,,5.3,8.24
1990-03-31,10047.386,,5.2,8.28
1990-04-30,10083.855,,5.4,8.26
1990-05-31,10083.855,,5.4,8.18
1990-06-30,10083.855,,5.2,8.29
1990-07-31,10090.569,,5.5,8.15
1990-08-31,10090.569,,5.7,8.13
1990-09-30,10090.569,,5.9,8.2
1990-10-31,9998.704,,5.9,8.11
1990-11-30,9998.704,,6.2,7.81
1990-12-31,9998.704,,6.3,7.31
1991-01-31,9951.916,,6.4,6.91
1991-02-28,9951.916,,6.6,6.25
1991-03-31,9951.916,,6.8,6.12
1991-04-30,10029.51,,6.7,5.91
1991-05-31,10029.51,,6.9,5.78
1991-06-30,10029.51,,6.9,5.9
1991-07-31,10080.195,,6.8,5.82
1991-08-31,10080.195,,6.9,5.66
1991-09-30,10080.195,,6.9,5.45
1991-10-31,10115.329,,7.0,5.21
1991-11-30,10115.329,,7.0,4.81
1991-12-31,10115.329,,7.3,4.43
1992-01-31,10236.435,,7.3,4.03
1992-02-29,10236.435,,7.4,4.06
1992-03-31,10236.435,,7.4,3.98
1992-04-30,10347.429,,7.4,3.73
1992-05-31,10347.429,,7.6,3.82
1992-06-30,10347.429,,7.8,3.76
1992-07-31,10449.673,,7.7,3.25
1992-08-31,10449.673,,7.6,3.3
1992-09-30,10449.673,,7.6,3.22
1992-10-31,10558.648,,7.3,3.1
1992-11-30,10558.648,,7.4,3.09
1992-12-31,10558.648,,7.4,2.92
1993-01-31,10576.275,,7.3,3.02
1993-02-28,10576.275,,7.1,3.03
1993-03-31,10576.275,,7.0,3.07
1993-04-30,10637.847,,7.1,2.96
1993-05-31,10637.847,,7.1,3.0
1993-06-30,10637.847,,7.0,3.04
1993-07-31,10688.606,,6.9,3.06
1993-08-31,10688.606,,6.8,3.03
1993-09-30,10688.606,,6.7,3.09
1993-10-31,10833.987,,6.8,2.99
1993-11-30,10833.987,,6.6,3.02
1993-12-31,10833.987,,6.5,2.96
1994-01-31,10939.116,,6.6,3.05
1994-02-28,10939.116,,6.6,3.25
1994-03-31,10939.116,,6.5,3.34
1994-04-30,11087.361,,6.4,3.56
1994-05-31,11087.361,,6.1,4.01
1994-06-30,11087.361,,6.1,4.25
1994-07-31,11152.176,,6.1,4.26
1994-08-31,11152.176,,6.0,4.47
1994-09-30,11152.176,,5.9,4.73
1994-10-31,11279.932,,5.8,4.76
1994-11-30,11279.932,,5.6,5.29
1994-12-31,11279.932,,5.5,5.45
1995-01-31,11319.951,,5.6,5.53
1995-02-28,11319.951,,5.4,5.92
1995-03-31,11319.951,,5.4,5.98
1995-04-30,11353.721,,5.8,6.05
1995-05-31,11353.721,,5.6,6.01
1995-06-30,11353.721,,5.6,6.0
1995-07-31,11450.31,,5.7,5.85
1995-08-31,11450.31,,5.7,5.74
1995-09-30,11450.31,,5.6,5.8
1995-10-31,11528.067,,5.5,5.76
1995-11-30,11528.067,,5.6,5.8
1995-12-31,11528.067,,5.6,5.6
1996-01-31,11614.418,,5.6,5.56
1996-02-29,11614.418,,5.5,5.22
1996-03-31,11614.418,,5.5,5.31
1996-04-30,11808.14,,5.6,5.22
1996-05-31,11808.14,,5.6,5.24
1996-06-30,11808.14,,5.3,5.27
1996-07-31,11914.063,,5.5,5.4
1996-08-31,11914.063,,5.1,5.22
1996-09-30,11914.063,,5.2,5.3
1996-10-31,12037.775,,5.2,5.24
1996-11-30,12037.775,,5.4,5.31
1996-12-31,12037.775,,5.4,5.29
1997-01-31,12115.472,,5.3,5.25
1997-02-28,12115.472,,5.2,5.19
1997-03-31,12115.472,,5.2,5.39
1997-04-30,12317.221,,5.1,5.51
1997-05-31,12317.221,,4.9,5.5
1997-06-30,12317.221,,5.0,5.56
1997-07-31,12471.01,,4.9,5.52
1997-08-31,12471.01,,4.8,5.54
1997-09-30,12471.01,,4.9,5.54
1997-10-31,12577.495,,4.7,5.5
1997-11-30,12577.495,,4.6,5.52
1997-12-31,12577.495,,4.7,5.5
1998-01-31,12703.742,,4.6,5.56
1998-02-28,12703.742,,4.6,5.51
1998-03-31,12703.742,,4.7,5.49
1998-04-30,12821.339,,4.3,5.45
1998-05-31,12821.339,,4.4,5.49
1998-06-30,12821.339,,4.5,5.56
1998-07-31,12982.752,,4.5,5.54
1998-08-31,12982.752,,4.5,5.55
1998-09-30,12982.752,,4.6,5.51
1998-10-31,13191.67,,4.5,5.07
1998-11-30,13191.67,,4.4,4.83
1998-12-31,13191.67,,4.4,4.68
1999-01-31,13315.597,,4.3,4.63
1999-02-28,13315.597,,4.4,4.76
1999-03-31,13315.597,,4.2,4.81
1999-04-30,13426.748,,4.3,4.74
1999-05-31,13426.748,,4.2,4.74
1999-06-30,13426.748,,4.3,4.76
1999-07-31,13604.771,,4.3,4.99
1999-08-31,13604.771,,4.2,5.07
1999-09-30,13604.771,,4.2,5.22
1999-10-31,13827.98,,4.1,5.2
1999-11-30,13827.98,,4.1,5.42
1999-12-31,13827.98,,4.0,5.3
2000-01-31,13878.147,,4.0,5.45
2000-02-29,13878.147,,4.1,5.73
2000-03-31,13878.147,,4.0,5.85
2000-04-30,14130.908,,3.8,6.02
2000-05-31,14130.908,,4.0,6.27
2000-06-30,14130.908,,4.0,6.53
2000-07-31,14145.312,,4.0,6.54
2000-08-31,14145.312,,4.1,6.5
2000-09-30,14145.312,,3.9,6.52
2000-10-31,14229.765,,3.9,6.51
2000-11-30,14229.765,,3.9,6.51
2000-12-31,14229.765,,3.9,6.4
2001-01-31,14183.12,,4.2,5.98
2001-02-28,14183.12,,4.2,5.49
2001-03-31,14183.12,,4.3,5.31
2001-04-30,14271.694,,4.4,4.8
2001-05-31,14271.694,,4.3,4.21
2001-06-30,14271.694,,4.5,3.97
2001-07-31,14214.516,,4.6,3.77
2001-08-31,14214.516,,4.9,3.65
2001-09-30,14214.516,,5.0,3.07
2001-10-31,14253.574,,5.3,2.49
2001-11-30,14253.574,,5.5,2.09
2001-12-31,14253.574,,5.7,1.82
2002-01-31,14372.785,,5.7,1.73
2002-02-28,14372.785,,5.7,1.74
2002-03-31,14372.785,,5.7,1.73
2002-04-30,14460.848,,5.9,1.75
2002-05-31,14460.848,,5.8,1.75
2002-06-30,14460.848,,5.8,1.75
2002-07-31,14519.633,,5.8,1.73
2002-08-31,14519.633,,5.7,1.74
2002-09-30,14519.633,,5.7,1.75
2002-10-31,14537.58,,5.7,1.75
2002-11-30,14537.58,,5.9,1.34
2002-12-31,14537.58,,6.0,1.24
2003-01-31,14614.141,1.81,5.8,1.24
2003-02-28,14614.141,1.94,5.9,1.26
2003-03-31,14614.141,1.8,5.9,1.25
2003-04-30,14743.567,1.73,6.0,1.26
2003-05-31,14743.567,1.6,6.1,1.26
2003-06-30,14743.567,1.64,6.3,1.22
2003-07-31,14988.782,2.08,6.2,1.01
2003-08-31,14988.782,2.16,6.1,1.03
2003-09-30,14988.782,2.01,6.1,1.01
2003-10-31,15162.76,2.4,6.0,1.01
2003-11-30,15162.76,2.31,5.8,1.0
2003-12-31,15162.76,2.27,5.7,0.98
2004-01-31,15248.68,2.31,5.7,1.0
2004-02-29,15248.68,2.38,5.6,1.01
2004-03-31,15248.68,2.38,5.8,1.0
2004-04-30,15366.85,2.42,5.6,1.0
2004-05-31,15366.85,2.66,5.6,1.0
2004-06-30,15366.85,2.52,5.6,1.03
2004-07-31,15512.619,2.49,5.5,1.26
2004-08-31,15512.619,2.35,5.4,1.43
2004-09-30,15512.619,2.37,5.4,1.61
2004-10-31,15670.88,2.42,5.5,1.76
2004-11-30,15670.88,2.61,5.4,1.93
2004-12-31,15670.88,2.56,5.4,2.16
2005-01-31,15844.727,2.49,5.3,2.28
2005-02-28,15844.727,2.66,5.4,2.5
2005-03-31,15844.727,2.71,5.2,2.63
2005-04-30,15922.782,2.6,5.2,2.79
2005-05-31,15922.782,2.37,5.1,3.0
2005-06-30,15922.782,2.27,5.0,3.04
2005-07-31,16047.587,2.36,5.0,3.26
2005-08-31,16047.587,2.37,4.9,3.5
2005-09-30,16047.587,2.56,5.0,3.62
2005-10-31,16136.734,2.57,5.0,3.78
2005-11-30,16136.734,2.37,5.0,4.0
2005-12-31,16136.734,2.33,4.9,4.16
2006-01-31,16353.835,2.53,4.7,4.29
2006-02-28,16353.835,2.53,4.8,4.49
2006-03-31,16353.835,2.51,4.7,4.59
2006-04-30,16396.151,2.68,4.7,4.79
2006-05-31,16396.151,2.64,4.6,4.94
2006-06-30,16396.151,2.61,4.6,4.99
2006-07-31,16420.738,2.58,4.7,5.24
2006-08-31,16420.738,2.5,4.7,5.25
2006-09-30,16420.738,2.37,4.5,5.25
2006-10-31,16561.866,2.27,4.4,5.25
2006-11-30,16561.866,2.3,4.5,5.25
2006-12-31,16561.866,2.3,4.4,5.24
2007-01-31,16611.69,2.43,4.6,5.25
2007-02-28,16611.69,2.36,4.5,5.26
2007-03-31,16611.69,2.44,4.4,5.26
2007-04-30,16713.314,2.43,4.5,5.25
2007-05-31,16713.314,2.36,4.4,5.25
2007-06-30,16713.314,2.38,4.6,5.25
2007-07-31,16809.587,2.34,4.7,5.26
2007-08-31,16809.587,2.2,4.6,5.02
2007-09-30,16809.587,2.32,4.7,4.94
2007-10-31,16915.191,2.34,4.7,4.76
2007-11-30,16915.191,2.34,4.7,4.49
2007-12-31,16915.191,2.31,5.0,4.24
2008-01-31,16843.003,2.34,5.0,3.94
2008-02-29,16843.003,2.43,4.9,2.98
2008-03-31,16843.003,2.34,5.1,2.61
2008-04-30,16943.291,2.27,5.0,2.28
2008-05-31,16943.291,2.48,5.4,1.98
2008-06-30,16943.291,2.51,5.6,2.0
2008-07-31,16854.295,2.34,5.8,2.01
2008-08-31,16854.295,2.15,6.1,2.0
2008-09-30,16854.295,1.6,6.1,1.81
2008-10-31,16485.35,0.87,6.5,0.97
2008-11-30,16485.35,0.33,6.8,0.39
2008-12-31,16485.35,0.11,7.3,0.16
2009-01-31,16298.262,1.14,7.8,0.15
2009-02-28,16298.262,0.96,8.3,0.22
2009-03-31,16298.262,1.28,8.7,0.18
2009-04-30,16269.145,1.47,9.0,0.15
2009-05-31,16269.145,1.8,9.4,0.18
2009-06-30,16269.145,1.75,9.5,0.21
2009-07-31,16326.281,1.81,9.5,0.16
2009-08-31,16326.281,1.64,9.6,0.16
2009-09-30,16326.281,1.75,9.8,0.15
2009-10-31,16502.754,2.0,10.0,0.12
2009-11-30,16502.754,2.08,9.9,0.12
2009-12-31,16502.754,2.37,9.9,0.12
2010-01-31,16582.71,2.33,9.8,0.11
2010-02-28,16582.71,2.13,9.8,0.13
2010-03-31,16582.71,2.24,9.9,0.16
2010-04-30,16743.162,2.4,9.9,0.2
2010-05-31,16743.162,1.99,9.6,0.2
2010-06-30,16743.162,1.82,9.4,0.18
2010-07-31,16872.266,1.8,9.4,0.18
2010-08-31,16872.266,1.52,9.5,0.19
2010-09-30,16872.266,1.78,9.5,0.19
2010-10-31,16960.864,2.13,9.4,0.19
2010-11-30,16960.864,2.07,9.8,0.19
2010-12-31,16960.864,2.3,9.3,0.18
2011-01-31,16920.632,2.34,9.1,0.17
2011-02-28,16920.632,2.39,9.0,0.16
2011-03-31,16920.632,2.48,9.0,0.14
2011-04-30,17035.114,2.57,9.1,0.1
2011-05-31,17035.114,2.25,9.0,0.09
2011-06-30,17035.114,2.43,9.1,0.09
2011-07-31,17031.313,2.44,9.0,0.07
2011-08-31,17031.313,2.05,9.0,0.1
2011-09-30,17031.313,1.75,9.0,0.08
2011-10-31,17222.583,2.09,8.8,0.07
2011-11-30,17222.583,2.05,8.6,0.08
2011-12-31,17222.583,1.96,8.5,0.07
2012-01-31,17367.01,2.11,8.3,0.08
2012-02-29,17367.01,2.26,8.3,0.1
2012-03-31,17367.01,2.32,8.2,0.13
2012-04-30,17444.525,2.25,8.2,0.14
2012-05-31,17444.525,2.09,8.2,0.16
2012-06-30,17444.525,2.13,8.2,0.16
2012-07-31,17469.65,2.2,8.2,0.16
2012-08-31,17469.65,2.25,8.1,0.13
2012-09-30,17469.65,2.42,7.8,0.14
2012-10-31,17489.852,2.5,7.8,0.16
2012-11-30,17489.852,2.41,7.7,0.16
2012-12-31,17489.852,2.45,7.9,0.16
2013-01-31,17662.4,2.59,8.0,0.14
2013-02-28,17662.4,2.53,7.7,0.15
2013-03-31,17662.4,2.51,7.5,0.14
2013-04-30,17709.671,2.34,7.6,0.15
2013-05-31,17709.671,2.21,7.5,0.11
2013-06-30,17709.671,1.99,7.5,0.09
2013-07-31,17860.45,2.22,7.3,0.09
2013-08-31,17860.45,2.1,7.2,0.08
2013-09-30,17860.45,2.19,7.2,0.08
2013-10-31,18016.147,2.17,7.2,0.09
2013-11-30,18016.147,2.15,6.9,0.08
2013-12-31,18016.147,2.24,6.7,0.09
2014-01-31,17953.974,2.14,6.6,0.07
2014-02-28,17953.974,2.17,6.7,0.07
2014-03-31,17953.974,2.13,6.7,0.08
2014-04-30,18185.911,2.18,6.2,0.09
2014-05-31,18185.911,2.22,6.3,0.09
2014-06-30,18185.911,2.26,6.1,0.1
2014-07-31,18406.941,2.29,6.2,0.09
2014-08-31,18406.941,2.12,6.1,0.09
2014-09-30,18406.941,1.97,5.9,0.09
2014-10-31,18500.031,1.92,5.7,0.09
2014-11-30,18500.031,1.79,5.8,0.09
2014-12-31,18500.031,1.68,5.6,0.12
2015-01-31,18666.621,1.65,5.7,0.11
2015-02-28,18666.621,1.83,5.5,0.11
2015-03-31,18666.621,1.76,5.4,0.11
2015-04-30,18782.243,1.94,5.4,0.12
2015-05-31,18782.243,1.8,5.6,0.12
2015-06-30,18782.243,1.87,5.3,0.13
2015-07-31,18857.418,1.74,5.2,0.13
2015-08-31,18857.418,1.63,5.1,0.14
2015-09-30,18857.418,1.41,5.0,0.14
2015-10-31,18892.206,1.53,5.0,0.12
2015-11-30,18892.206,1.59,5.1,0.12
2015-12-31,18892.206,1.54,5.0,0.24
2016-01-31,19001.69,1.41,4.8,0.34
2016-02-29,19001.69,1.42,4.9,0.38
2016-03-31,19001.69,1.62,5.0,0.36
2016-04-30,19062.709,1.71,5.1,0.37
2016-05-31,19062.709,1.54,4.8,0.37
2016-06-30,19062.709,1.4,4.9,0.38
2016-07-31,19197.938,1.49,4.8,0.39
2016-08-31,19197.938,1.47,4.9,0.4
2016-09-30,19197.938,1.6,5.0,0.4
2016-10-31,19304.352,1.73,4.9,0.4
2016-11-30,19304.352,1.94,4.7,0.41
2016-12-31,19304.352,1.95,4.7,0.54
2017-01-31,19398.343,2.05,4.7,0.65
2017-02-28,19398.343,2.02,4.6,0.66
2017-03-31,19398.343,1.97,4.4,0.79
2017-04-30,19506.949,1.92,4.4,0.9
2017-05-31,19506.949,1.81,4.4,0.91
2017-06-30,19506.949,1.73,4.3,1.04
2017-07-31,19660.766,1.82,4.3,1.15
2017-08-31,19660.766,1.76,4.4,1.16
2017-09-30,19660.766,1.84,4.3,1.15
2017-10-31,19882.352,1.88,4.2,1.15
2017-11-30,19882.352,1.86,4.2,1.16
2017-12-31,19882.352,1.96,4.1,1.3
2018-01-31,20044.077,2.11,4.0,1.41
2018-02-28,20044.077,2.12,4.1,1.42
2018-03-31,20044.077,2.05,4.0,1.51
2018-04-30,20150.476,2.17,4.0,1.69
2018-05-31,20150.476,2.07,3.8,1.7
2018-06-30,20150.476,2.11,4.0,1.82
2018-07-31,20276.154,2.12,3.8,1.91
2018-08-31,20276.154,2.08,3.8,1.91
2018-09-30,20276.154,2.14,3.7,1.95
2018-10-31,20304.874,2.05,3.8,2.19
2018-11-30,20304.874,1.97,3.8,2.2
2018-12-31,20304.874,1.71,3.9,2.27
2019-01-31,20431.641,1.85,4.0,2.4
2019-02-28,20431.641,1.95,3.8,2.4
2019-03-31,20431.641,1.88,3.8,2.41
2019-04-30,20602.275,1.95,3.7,2.42
2019-05-31,20602.275,1.74,3.6,2.39
2019-06-30,20602.275,1.69,3.6,2.38
2019-07-31,20843.322,1.76,3.7,2.4
2019-08-31,20843.322,1.55,3.6,2.13
2019-09-30,20843.322,1.53,3.5,2.04
2019-10-31,20985.448,1.54,3.6,1.83
2019-11-30,20985.448,1.61,3.6,1.55
2019-12-31,20985.448,1.77,3.6,1.55
2020-01-31,20693.238,1.65,3.6,1.55
2020-02-29,20693.238,1.41,3.5,1.58
2020-03-31,20693.238,0.87,4.4,0.65
2020-04-30,19056.617,1.07,14.8,0.05
2020-05-31,19056.617,1.15,13.2,0.05
2020-06-30,19056.617,1.34,11.0,0.08
2020-07-31,20548.793,1.55,10.2,0.09
2020-08-31,20548.793,1.8,8.4,0.1
2020-09-30,20548.793,1.63,7.8,0.09
2020-10-31,20771.691,1.7,6.8,0.09
2020-11-30,20771.691,1.77,6.7,0.09
2020-12-31,20771.691,1.99,6.7,0.09
2021-01-31,21058.379,2.13,6.4,0.09
2021-02-28,21058.379,2.15,6.2,0.08
2021-03-31,21058.379,2.37,6.1,0.07
2021-04-30,21389.005,2.41,6.1,0.07
2021-05-31,21389.005,2.42,5.8,0.06
2021-06-30,21389.005,2.32,5.9,0.08
2021-07-31,21571.421,2.4,5.4,0.1
2021-08-31,21571.421,2.33,5.1,0.09
2021-09-30,21571.421,2.37,4.7,0.08
2021-10-31,21960.388,2.51,4.5,0.08
2021-11-30,21960.388,2.5,4.1,0.08
2021-12-31,21960.388,2.56,3.9,0.08
2022-01-31,21903.85,2.44,4.0,0.08
2022-02-28,21903.85,2.62,3.8,0.08
2022-03-31,21903.85,2.84,3.6,0.2
2022-04-30,21919.222,2.88,3.7,0.33
2022-05-31,21919.222,2.64,3.6,0.77
2022-06-30,21919.222,2.33,3.6,1.21
2022-07-31,22066.784,2.53,3.5,1.68
2022-08-31,22066.784,2.48,3.6,2.33
2022-09-30,22066.784,2.15,3.5,2.56
2022-10-31,22249.459,2.52,3.6,3.08
2022-11-30,22249.459,2.34,3.6,3.78
2022-12-31,22249.459,2.3,3.5,4.1
2023-01-31,22403.435,2.24,3.4,4.33
2023-02-28,22403.435,2.43,3.6,4.57
2023-03-31,22403.435,2.32,3.5,4.65
2023-04-30,22539.418,2.18,3.4,4.83
2023-05-31,22539.418,2.18,3.7,5.06
2023-06-30,22539.418,2.22,3.6,5.08
2023-07-31,22780.933,2.37,3.5,5.12
2023-08-31,22780.933,2.24,3.8,5.33
2023-09-30,22780.933,2.35,3.8,5.33
2023-10-31,22960.6,2.42,3.8,5.33
2023-11-30,22960.6,2.23,3.7,5.33
2023-12-31,22960.6,2.16,3.7,5.33
2024-01-31,23053.545,2.26,3.7,5.33
2024-02-29,23053.545,2.33,3.9,5.33
2024-03-31,23053.545,2.32,3.8,5.33
2024-04-30,23223.906,2.41,3.9,5.33
2024-05-31,23223.906,2.35,4.0,5.33
2024-06-30,23223.906,2.28,4.1,5.33
2024-07-31,23400.294,2.24,4.3,5.33
2024-08-31,,2.15,4.2,5.33
2024-09-30,,2.18,4.1,5.13
2024-10-31,,2.33,4.1,4.83
2024-11-30,,2.26,4.2,4.64
2024-12-31,,2.34,,4.48
2025-01-31,,2.39,,
